State,Participants,Female Participants,Population,Relative Participation,Relative Female Participation
ACT,37634,7441,470000,80.07234,15.831915
QLD,268415,31239,5528000,48.555535,5.651049
NSW,723153,104144,8435000,85.732424,12.346651
NT,19050,1495,254000,75,5.885827
SA,114253,8879,1866000,61.228832,4.758307
TAS,29806,5244,575000,51.836522,9.12
VIC,355180,22670,6906000,51.43064,3.282653
WA,163338,9634,2928000,55.784836,3.290301
